nproc,nx,ny,xmax,ymax,xr,yr,np,exec_time
96,782,972,8.834584905290765,2.7484022514003494,9.795048865651772,5.270597336627331,13520624,235.08382892608643
